ACC_X,ACC_Y,ACC_Z,GYR_X,GYR_Y,GYR_Z,label
1.9453125,0.90234375,-1.4296875,70.5,-149.5,140.5,0.0
1.9453125,0.90234375,-1.4296875,70.5,-149.5,140.5,0.0
1.9453125,0.90234375,-1.4296875,70.5,-149.5,140.5,0.0
1.9453125,0.90234375,-1.4296875,70.5,-149.5,140.5,0.0
1.9453125,0.884765625,-1.4248046875,67.75,-149.125,139.75,0.0
1.9453125,0.884765625,-1.4248046875,67.75,-149.125,139.75,0.0
1.9453125,0.884765625,-1.4248046875,67.75,-149.125,139.75,0.0
1.9453125,0.884765625,-1.4248046875,67.75,-149.125,139.75,0.0
1.9453125,0.884765625,-1.4248046875,67.75,-149.125,139.75,0.0
1.9453125,0.884765625,-1.4248046875,67.75,-149.125,139.75,0.0
1.9453125,0.90234375,-1.4296875,70.5,-149.5,140.5,0.0
1.9453125,0.90234375,-1.4296875,70.5,-149.5,140.5,0.0
1.9453125,0.90234375,-1.4296875,70.5,-149.5,140.5,0.0
1.9453125,0.90234375,-1.4296875,70.5,-149.5,140.5,0.0
1.9453125,0.884765625,-1.4248046875,67.75,-149.125,139.75,0.0
1.9453125,0.884765625,-1.4248046875,67.75,-149.125,139.75,0.0
1.9453125,0.884765625,-1.4248046875,67.75,-149.125,139.75,0.0
1.9453125,0.884765625,-1.4248046875,67.75,-149.125,139.75,0.0
1.9453125,0.884765625,-1.4248046875,67.75,-149.125,139.75,0.0
1.9453125,0.884765625,-1.4248046875,67.75,-149.125,139.75,0.0
-1.48828125,1.091796875,-1.8603515625,90.75,-143.5,164.5,0.0
-1.48828125,1.091796875,-1.8603515625,90.75,-143.5,164.5,0.0
-1.48828125,1.091796875,-1.8603515625,90.75,-143.5,164.5,0.0
-1.48828125,1.091796875,-1.8603515625,90.75,-143.5,164.5,0.0
-1.48828125,1.091796875,-1.8603515625,90.75,-143.5,164.5,0.0
-1.48828125,1.091796875,-1.8603515625,90.75,-143.5,164.5,0.0
-1.48828125,1.091796875,-1.8603515625,90.75,-143.5,164.5,0.0
-1.48828125,1.091796875,-1.8603515625,90.75,-143.5,164.5,0.0
-1.48828125,1.091796875,-1.8603515625,91.75,-144.0,165.0,0.0
-1.478515625,1.107421875,-1.859375,91.75,-144.0,165.0,0.0
-1.478515625,1.107421875,-1.859375,91.75,-144.0,165.0,0.0
-1.478515625,1.107421875,-1.859375,91.75,-144.0,165.0,0.0
-1.478515625,1.107421875,-1.859375,91.75,-144.0,165.0,0.0
-1.478515625,1.107421875,-1.859375,91.75,-144.0,165.0,0.0
-1.478515625,1.107421875,-1.859375,91.75,-144.0,165.0,0.0
-1.478515625,1.107421875,-1.859375,91.75,-144.0,165.0,0.0
-1.478515625,1.107421875,-1.859375,91.75,-144.0,165.0,0.0
-1.478515625,1.107421875,-1.859375,91.75,-144.0,165.0,0.0
-1.46875,1.12109375,-1.8583984375,93.0,-144.25,165.75,0.0
-1.46875,1.12109375,-1.8583984375,93.0,-144.25,165.75,0.0
-1.6826171875,0.583984375,-1.638671875,-137.5,184.5,-158.75,0.0
-1.6826171875,0.583984375,-1.638671875,-137.5,184.5,-158.75,0.0
-1.6826171875,0.583984375,-1.638671875,-137.5,184.5,-158.75,0.0
-1.6826171875,0.583984375,-1.638671875,-137.5,184.5,-158.75,0.0
-1.677734375,0.57421875,-1.65625,-127.0,180.0,-153.875,0.0
-1.677734375,0.57421875,-1.65625,-127.0,180.0,-153.875,0.0
-1.677734375,0.57421875,-1.65625,-127.0,180.0,-153.875,0.0
-1.677734375,0.57421875,-1.65625,-127.0,180.0,-153.875,0.0
-1.677734375,0.57421875,-1.65625,-127.0,180.0,-153.875,0.0
-1.677734375,0.57421875,-1.65625,-127.0,180.0,-153.875,0.0
-1.677734375,0.57421875,-1.65625,-127.0,180.0,-153.875,0.0
-1.677734375,0.57421875,-1.65625,-127.0,180.0,-153.875,0.0
-1.677734375,0.57421875,-1.65625,-127.0,180.0,-153.875,0.0
-1.677734375,0.57421875,-1.65625,-127.0,180.0,-153.875,0.0
-1.67578125,0.5703125,-1.68359375,-116.375,175.5,-149.25,0.0
-1.67578125,0.5703125,-1.68359375,-116.375,175.5,-149.25,0.0
-1.67578125,0.5703125,-1.68359375,-116.375,175.5,-149.25,0.0
-1.67578125,0.5703125,-1.68359375,-116.375,175.5,-149.25,0.0
-1.67578125,0.5703125,-1.68359375,-116.375,175.5,-149.25,0.0
-1.67578125,0.5703125,-1.68359375,-116.375,175.5,-149.25,0.0
1.900390625,0.423828125,1.287109375,0.0,0.0,-163.25,0.0
1.900390625,0.423828125,1.287109375,0.0,0.0,-163.25,0.0
1.900390625,0.423828125,1.287109375,0.0,0.0,-163.25,0.0
1.900390625,0.423828125,1.287109375,0.0,0.0,-159.75,0.0
1.90625,0.4609375,1.3359375,0.0,0.0,-159.75,0.0
1.90625,0.4609375,1.3359375,0.0,0.0,-159.75,0.0
1.90625,0.4609375,1.3359375,0.0,0.0,-159.75,0.0
1.90625,0.4609375,1.3359375,0.0,0.0,-159.75,0.0
1.90625,0.4609375,1.3359375,0.0,0.0,-159.75,0.0
1.90625,0.4609375,1.3359375,0.0,0.0,-159.75,0.0
1.90625,0.4609375,1.3359375,0.0,0.0,-159.75,0.0
1.90625,0.4609375,1.3359375,0.0,0.0,-159.75,0.0
1.90625,0.4609375,1.3359375,0.0,0.0,-159.75,0.0
1.90625,0.4609375,1.3359375,0.0,0.0,-156.5,0.0
1.916015625,0.50390625,1.37890625,0.0,0.0,-156.5,0.0
1.916015625,0.50390625,1.37890625,0.0,0.0,-156.5,0.0
1.916015625,0.50390625,1.37890625,0.0,0.0,-156.5,0.0
1.916015625,0.50390625,1.37890625,0.0,0.0,-156.5,0.0
1.916015625,0.50390625,1.37890625,0.0,0.0,-156.5,0.0
1.916015625,0.50390625,1.37890625,0.0,0.0,-156.5,0.0
-1.640625,1.33203125,-1.390625,-193.75,246.0,-243.125,0.0
-1.640625,1.33203125,-1.390625,-193.75,246.0,-243.125,0.0
-1.640625,1.33203125,-1.390625,-193.75,246.0,-243.125,0.0
-1.640625,1.33203125,-1.390625,-193.75,246.0,-243.125,0.0
-1.640625,1.33203125,-1.390625,-193.75,246.0,-243.125,0.0
-1.640625,1.33203125,-1.390625,-193.75,246.0,-243.125,0.0
-1.640625,1.33203125,-1.390625,-193.75,246.0,-243.125,0.0
-1.640625,1.33203125,-1.390625,-192.75,249.25,-243.125,0.0
-1.642578125,1.33203125,-1.3916015625,-192.75,249.25,-243.125,0.0
-1.642578125,1.33203125,-1.3916015625,-192.75,249.25,-243.125,0.0
-1.642578125,1.33203125,-1.3916015625,-192.75,249.25,-243.125,0.0
-1.642578125,1.33203125,-1.3916015625,-192.75,249.25,-243.125,0.0
-1.642578125,1.33203125,-1.3916015625,-192.75,249.25,-243.125,0.0
-1.642578125,1.33203125,-1.3916015625,-192.75,249.25,-243.125,0.0
-1.642578125,1.33203125,-1.3916015625,-192.75,249.25,-243.125,0.0
-1.642578125,1.33203125,-1.3916015625,-192.75,249.25,-243.125,0.0
-1.642578125,1.33203125,-1.3916015625,-192.75,249.25,-243.125,0.0
-1.64453125,1.337890625,-1.3916015625,-191.375,-248.0,-243.5,0.0
-1.64453125,1.337890625,-1.3916015625,-191.375,-248.0,-243.5,0.0
-1.64453125,1.337890625,-1.3916015625,-191.375,-248.0,-243.5,0.0
1.748046875,1.083984375,-1.322265625,92.5,-130.75,191.25,0.0
1.748046875,1.083984375,-1.322265625,92.5,-130.75,191.25,0.0
1.748046875,1.083984375,-1.322265625,92.5,-130.75,191.25,0.0
1.748046875,1.083984375,-1.322265625,92.5,-130.75,191.25,0.0
1.748046875,1.083984375,-1.322265625,92.5,-130.75,191.25,0.0
1.748046875,1.083984375,-1.322265625,92.5,-130.75,191.25,0.0
1.748046875,1.083984375,-1.322265625,92.5,-130.75,191.25,0.0
1.748046875,1.083984375,-1.322265625,92.5,-130.75,191.25,0.0
1.748046875,1.083984375,-1.322265625,92.5,-130.75,191.25,0.0
1.748046875,1.083984375,-1.322265625,88.5,-128.125,191.5,0.0
1.744140625,1.06640625,-1.3212890625,88.5,-128.125,191.5,0.0
1.744140625,1.06640625,-1.3212890625,88.5,-128.125,191.5,0.0
1.744140625,1.06640625,-1.3212890625,88.5,-128.125,191.5,0.0
1.744140625,1.06640625,-1.3212890625,88.5,-128.125,191.5,0.0
1.744140625,1.06640625,-1.3212890625,88.5,-128.125,191.5,0.0
1.744140625,1.06640625,-1.3212890625,88.5,-128.125,191.5,0.0
1.744140625,1.06640625,-1.3212890625,88.5,-128.125,191.5,0.0
1.744140625,1.06640625,-1.3212890625,88.5,-128.125,191.5,0.0
1.744140625,1.06640625,-1.3212890625,88.5,-128.125,191.5,0.0
1.744140625,1.046875,-1.328125,84.75,-125.8125,192.25,0.0
-1.5859375,0.908203125,1.833984375,83.25,-104.125,195.25,0.0
-1.5859375,0.908203125,1.833984375,83.25,-104.125,195.25,0.0
-1.5859375,0.908203125,1.833984375,83.25,-104.125,195.25,0.0
-1.5859375,0.908203125,1.833984375,83.25,-104.125,195.25,0.0
-1.5859375,0.908203125,1.833984375,83.25,-104.125,195.25,0.0
-1.5859375,0.908203125,1.833984375,83.25,-104.125,195.25,0.0
-1.5859375,0.908203125,1.833984375,83.25,-104.125,195.25,0.0
-1.580078125,0.916015625,1.83203125,85.25,-105.75,197.0,0.0
-1.580078125,0.916015625,1.83203125,85.25,-105.75,197.0,0.0
-1.580078125,0.916015625,1.83203125,85.25,-105.75,197.0,0.0
-1.580078125,0.916015625,1.83203125,85.25,-105.75,197.0,0.0
-1.580078125,0.916015625,1.83203125,85.25,-105.75,197.0,0.0
-1.580078125,0.916015625,1.83203125,85.25,-105.75,197.0,0.0
-1.580078125,0.916015625,1.83203125,85.25,-105.75,197.0,0.0
-1.580078125,0.916015625,1.83203125,85.25,-105.75,197.0,0.0
-1.580078125,0.916015625,1.83203125,85.25,-105.75,197.0,0.0
-1.580078125,0.916015625,1.83203125,87.0,-107.375,198.5,0.0
-1.5712890625,0.92578125,1.826171875,87.0,-107.375,198.5,0.0
-1.5712890625,0.92578125,1.826171875,87.0,-107.375,198.5,0.0
-1.5712890625,0.92578125,1.826171875,87.0,-107.375,198.5,0.0
-1.7939453125,0.94921875,-1.9033203125,-164.25,206.0,-92.375,0.0
-1.7939453125,0.94921875,-1.9033203125,-164.25,206.0,-92.375,0.0
-1.7939453125,0.94921875,-1.9033203125,-164.25,206.0,-92.375,0.0
-1.7939453125,0.94921875,-1.9033203125,-161.875,201.25,-88.625,0.0
-1.798828125,0.962890625,-1.912109375,-161.875,201.25,-88.625,0.0
-1.798828125,0.962890625,-1.912109375,-161.875,201.25,-88.625,0.0
-1.798828125,0.962890625,-1.912109375,-161.875,201.25,-88.625,0.0
-1.798828125,0.962890625,-1.912109375,-161.875,201.25,-88.625,0.0
-1.798828125,0.962890625,-1.912109375,-161.875,201.25,-88.625,0.0
-1.798828125,0.962890625,-1.912109375,-161.875,201.25,-88.625,0.0
-1.798828125,0.962890625,-1.912109375,-161.875,201.25,-88.625,0.0
-1.798828125,0.962890625,-1.912109375,-161.875,201.25,-88.625,0.0
-1.798828125,0.962890625,-1.912109375,-161.875,201.25,-88.625,0.0
-1.798828125,0.962890625,-1.912109375,-159.25,196.25,-85.25,0.0
-1.8037109375,0.970703125,-1.9208984375,-159.25,196.25,-85.25,0.0
-1.8037109375,0.970703125,-1.9208984375,-159.25,196.25,-85.25,0.0
-1.8037109375,0.970703125,-1.9208984375,-159.25,196.25,-85.25,0.0
-1.8037109375,0.970703125,-1.9208984375,-159.25,196.25,-85.25,0.0
-1.8037109375,0.970703125,-1.9208984375,-159.25,196.25,-85.25,0.0
-1.8037109375,0.970703125,-1.9208984375,-159.25,196.25,-85.25,0.0
1.08203125,0.654296875,1.615234375,-161.25,35.0,-113.75,0.0
1.08203125,0.654296875,1.615234375,-161.25,35.0,-113.75,0.0
1.08203125,0.654296875,1.615234375,-161.25,35.0,-113.75,0.0
1.08203125,0.654296875,1.615234375,-161.25,35.0,-113.75,0.0
1.08203125,0.654296875,1.615234375,-161.25,35.0,-113.75,0.0
1.08203125,0.654296875,1.615234375,-161.25,35.0,-113.75,0.0
1.08203125,0.654296875,1.615234375,-161.25,35.0,-113.75,0.0
1.08203125,0.654296875,1.615234375,-161.25,35.0,-113.75,0.0
1.08203125,0.654296875,1.615234375,-161.25,35.0,-113.75,0.0
1.1015625,0.66015625,1.61328125,-160.75,36.75,-116.5,0.0
1.1015625,0.66015625,1.61328125,-160.75,36.75,-116.5,0.0
1.1015625,0.66015625,1.61328125,-160.75,36.75,-116.5,0.0
1.1015625,0.66015625,1.61328125,-160.75,36.75,-116.5,0.0
1.1015625,0.66015625,1.61328125,-160.75,36.75,-116.5,0.0
1.1015625,0.66015625,1.61328125,-160.75,36.75,-116.5,0.0
1.1015625,0.66015625,1.61328125,-160.75,36.75,-116.5,0.0
1.1015625,0.66015625,1.61328125,-160.75,36.75,-116.5,0.0
1.1015625,0.66015625,1.61328125,-160.75,36.75,-116.5,0.0
1.1015625,0.66015625,1.61328125,-160.25,38.25,-118.75,0.0
1.12109375,0.671875,1.619140625,-160.25,38.25,-118.75,0.0
1.791015625,1.54296875,-1.4677734375,239.75,176.25,215.5,0.0
1.791015625,1.54296875,-1.4677734375,239.75,176.25,215.5,0.0
1.791015625,1.54296875,-1.4677734375,239.75,176.25,215.5,0.0
1.791015625,1.54296875,-1.4677734375,239.75,176.25,215.5,0.0
1.791015625,1.54296875,-1.4677734375,239.75,176.25,215.5,0.0
1.791015625,1.54296875,-1.4677734375,239.75,176.25,215.5,0.0
1.791015625,1.54296875,-1.4677734375,239.75,176.25,215.5,0.0
1.7890625,1.5390625,-1.455078125,237.75,180.75,212.5,0.0
1.7890625,1.5390625,-1.455078125,237.75,180.75,212.5,0.0
1.7890625,1.5390625,-1.455078125,237.75,180.75,212.5,0.0
1.7890625,1.5390625,-1.455078125,237.75,180.75,212.5,0.0
1.7890625,1.5390625,-1.455078125,237.75,180.75,212.5,0.0
1.7890625,1.5390625,-1.455078125,237.75,180.75,212.5,0.0
1.7890625,1.5390625,-1.455078125,237.75,180.75,212.5,0.0
1.7890625,1.5390625,-1.455078125,237.75,180.75,212.5,0.0
1.7890625,1.5390625,-1.455078125,237.75,180.75,212.5,0.0
1.7890625,1.5390625,-1.455078125,236.0,185.75,209.25,0.0
1.787109375,1.537109375,-1.44140625,236.0,185.75,209.25,0.0
1.787109375,1.537109375,-1.44140625,236.0,185.75,209.25,0.0
1.787109375,1.537109375,-1.44140625,236.0,185.75,209.25,0.0
1.2109375,1.203125,-1.38671875,113.75,-71.375,102.5,0.0
1.2109375,1.203125,-1.38671875,113.75,-71.375,102.5,0.0
1.2109375,1.203125,-1.38671875,113.75,-71.375,102.5,0.0
1.2109375,1.203125,-1.38671875,105.75,-70.5,101.25,0.0
1.205078125,1.171875,-1.4111328125,105.75,-70.5,101.25,0.0
1.205078125,1.171875,-1.4111328125,105.75,-70.5,101.25,0.0
1.205078125,1.171875,-1.4111328125,105.75,-70.5,101.25,0.0
1.205078125,1.171875,-1.4111328125,105.75,-70.5,101.25,0.0
1.205078125,1.171875,-1.4111328125,105.75,-70.5,101.25,0.0
1.205078125,1.171875,-1.4111328125,105.75,-70.5,101.25,0.0
1.205078125,1.171875,-1.4111328125,105.75,-70.5,101.25,0.0
1.205078125,1.171875,-1.4111328125,105.75,-70.5,101.25,0.0
1.205078125,1.171875,-1.4111328125,105.75,-70.5,101.25,0.0
1.197265625,1.140625,-1.439453125,98.0,-69.75,100.5,0.0
1.197265625,1.140625,-1.439453125,98.0,-69.75,100.5,0.0
1.197265625,1.140625,-1.439453125,98.0,-69.75,100.5,0.0
1.197265625,1.140625,-1.439453125,98.0,-69.75,100.5,0.0
1.197265625,1.140625,-1.439453125,98.0,-69.75,100.5,0.0
1.197265625,1.140625,-1.439453125,98.0,-69.75,100.5,0.0
1.197265625,1.140625,-1.439453125,98.0,-69.75,100.5,0.0
-1.62109375,1.376953125,-1.9111328125,138.0,-156.5,108.5,0.0
-1.62109375,1.376953125,-1.9111328125,138.0,-156.5,108.5,0.0
-1.62109375,1.376953125,-1.9111328125,138.0,-156.5,108.5,0.0
-1.62109375,1.376953125,-1.9111328125,138.0,-156.5,108.5,0.0
-1.62109375,1.376953125,-1.9111328125,138.0,-156.5,108.5,0.0
-1.62109375,1.376953125,-1.9111328125,140.0,-156.75,111.0,0.0
-1.6123046875,1.380859375,-1.9052734375,140.0,-156.75,111.0,0.0
-1.6123046875,1.380859375,-1.9052734375,140.0,-156.75,111.0,0.0
-1.6123046875,1.380859375,-1.9052734375,140.0,-156.75,111.0,0.0
-1.6123046875,1.380859375,-1.9052734375,140.0,-156.75,111.0,0.0
-1.6123046875,1.380859375,-1.9052734375,140.0,-156.75,111.0,0.0
-1.6123046875,1.380859375,-1.9052734375,140.0,-156.75,111.0,0.0
-1.6123046875,1.380859375,-1.9052734375,140.0,-156.75,111.0,0.0
-1.6123046875,1.380859375,-1.9052734375,140.0,-156.75,111.0,0.0
-1.6123046875,1.380859375,-1.9052734375,140.0,-156.75,111.0,0.0
-1.6005859375,1.388671875,-1.8984375,141.5,-157.0,114.25,0.0
-1.6005859375,1.388671875,-1.8984375,141.5,-157.0,114.25,0.0
-1.6005859375,1.388671875,-1.8984375,141.5,-157.0,114.25,0.0
-1.6005859375,1.388671875,-1.8984375,141.5,-157.0,114.25,0.0
-1.6005859375,1.388671875,-1.8984375,141.5,-157.0,114.25,0.0
1.91796875,0.599609375,1.6875,-69.125,139.5,-120.5,0.0
1.91796875,0.599609375,1.6875,-69.125,139.5,-120.5,0.0
1.91796875,0.599609375,1.6875,-69.125,139.5,-120.5,0.0
1.91796875,0.599609375,1.6875,-69.125,139.5,-120.5,0.0
1.91796875,0.599609375,1.6875,-69.125,139.5,-120.5,0.0
1.91796875,0.599609375,1.6875,-69.125,139.5,-120.5,0.0
1.91796875,0.599609375,1.6875,-69.125,139.5,-120.5,0.0
1.91796875,0.599609375,1.6875,-69.125,139.5,-120.5,0.0
1.91796875,0.599609375,1.6875,-69.125,139.5,-120.5,0.0
1.91796875,0.599609375,1.6875,-69.125,139.5,-120.5,0.0
1.90625,0.580078125,1.650390625,-72.875,130.5,-123.5625,0.0
1.90625,0.580078125,1.650390625,-72.875,130.5,-123.5625,0.0
1.90625,0.580078125,1.650390625,-72.875,130.5,-123.5625,0.0
1.90625,0.580078125,1.650390625,-72.875,130.5,-123.5625,0.0
1.90625,0.580078125,1.650390625,-72.875,130.5,-123.5625,0.0
1.90625,0.580078125,1.650390625,-72.875,130.5,-123.5625,0.0
1.90625,0.580078125,1.650390625,-72.875,130.5,-123.5625,0.0
1.90625,0.580078125,1.650390625,-72.875,130.5,-123.5625,0.0
1.90625,0.580078125,1.650390625,-72.875,130.5,-123.5625,0.0
1.90625,0.580078125,1.650390625,-76.625,121.0,-126.4375,0.0
-1.74609375,1.38671875,-1.4951171875,215.75,166.5,-238.125,0.0
-1.74609375,1.38671875,-1.4951171875,215.75,166.5,-238.125,0.0
-1.74609375,1.38671875,-1.4951171875,215.75,166.5,-238.125,0.0
-1.74609375,1.38671875,-1.4951171875,215.75,166.5,-238.125,0.0
-1.74609375,1.38671875,-1.4951171875,215.75,166.5,-238.125,0.0
-1.74609375,1.38671875,-1.4951171875,215.75,166.5,-238.125,0.0
-1.74609375,1.38671875,-1.4951171875,212.25,169.5,-240.875,0.0
-1.736328125,1.375,-1.4921875,212.25,169.5,-240.875,0.0
-1.736328125,1.375,-1.4921875,212.25,169.5,-240.875,0.0
-1.736328125,1.375,-1.4921875,212.25,169.5,-240.875,0.0
-1.736328125,1.375,-1.4921875,212.25,169.5,-240.875,0.0
-1.736328125,1.375,-1.4921875,212.25,169.5,-240.875,0.0
-1.736328125,1.375,-1.4921875,212.25,169.5,-240.875,0.0
-1.736328125,1.375,-1.4921875,212.25,169.5,-240.875,0.0
-1.736328125,1.375,-1.4921875,212.25,169.5,-240.875,0.0
-1.736328125,1.375,-1.4921875,212.25,169.5,-240.875,0.0
-1.736328125,1.375,-1.4921875,208.75,172.25,-243.375,0.0
-1.7294921875,1.361328125,-1.4990234375,208.75,172.25,-243.375,0.0
-1.7294921875,1.361328125,-1.4990234375,208.75,172.25,-243.375,0.0
-1.7294921875,1.361328125,-1.4990234375,208.75,172.25,-243.375,0.0
-1.8134765625,1.1484375,-1.552734375,179.0,-180.5,240.5,0.0
-1.8134765625,1.1484375,-1.552734375,179.0,-180.5,240.5,0.0
-1.8134765625,1.1484375,-1.552734375,179.0,-180.5,240.5,0.0
-1.8134765625,1.1484375,-1.552734375,179.0,-180.5,240.5,0.0
-1.8134765625,1.1484375,-1.552734375,179.0,-180.5,240.5,0.0
-1.8134765625,1.1484375,-1.552734375,179.0,-180.5,240.5,0.0
-1.8134765625,1.1484375,-1.552734375,179.0,-180.5,240.5,0.0
-1.8134765625,1.1484375,-1.552734375,174.75,-177.25,240.5,0.0
-1.826171875,1.150390625,-1.541015625,174.75,-177.25,240.5,0.0
-1.826171875,1.150390625,-1.541015625,174.75,-177.25,240.5,0.0
-1.826171875,1.150390625,-1.541015625,174.75,-177.25,240.5,0.0
-1.826171875,1.150390625,-1.541015625,174.75,-177.25,240.5,0.0
-1.826171875,1.150390625,-1.541015625,174.75,-177.25,240.5,0.0
-1.826171875,1.150390625,-1.541015625,174.75,-177.25,240.5,0.0
-1.826171875,1.150390625,-1.541015625,174.75,-177.25,240.5,0.0
-1.826171875,1.150390625,-1.541015625,174.75,-177.25,240.5,0.0
-1.826171875,1.150390625,-1.541015625,174.75,-177.25,240.5,0.0
-1.837890625,1.154296875,-1.5361328125,170.75,-173.75,240.25,0.0
-1.837890625,1.154296875,-1.5361328125,170.75,-173.75,240.25,0.0
-1.837890625,1.154296875,-1.5361328125,170.75,-173.75,240.25,0.0
1.962890625,0.732421875,-1.78125,97.25,-67.875,171.75,0.0
1.962890625,0.732421875,-1.78125,97.25,-67.875,171.75,0.0
1.962890625,0.732421875,-1.78125,97.25,-67.875,171.75,0.0
1.962890625,0.732421875,-1.78125,97.25,-67.875,171.75,0.0
1.962890625,0.732421875,-1.78125,97.25,-67.875,171.75,0.0
1.962890625,0.732421875,-1.78125,97.25,-67.875,171.75,0.0
1.962890625,0.732421875,-1.78125,97.25,-67.875,171.75,0.0
1.962890625,0.732421875,-1.78125,98.25,-68.75,171.0,0.0
1.96484375,0.736328125,-1.78515625,98.25,-68.75,171.0,0.0
1.96484375,0.736328125,-1.78515625,98.25,-68.75,171.0,0.0
1.96484375,0.736328125,-1.78515625,98.25,-68.75,171.0,0.0
1.96484375,0.736328125,-1.78515625,98.25,-68.75,171.0,0.0
1.96484375,0.736328125,-1.78515625,98.25,-68.75,171.0,0.0
1.96484375,0.736328125,-1.78515625,98.25,-68.75,171.0,0.0
1.96484375,0.736328125,-1.78515625,98.25,-68.75,171.0,0.0
1.96484375,0.736328125,-1.78515625,98.25,-68.75,171.0,0.0
1.96484375,0.736328125,-1.78515625,98.25,-68.75,171.0,0.0
1.962890625,0.740234375,-1.794921875,99.25,-69.5,170.25,0.0
1.962890625,0.740234375,-1.794921875,99.25,-69.5,170.25,0.0
1.962890625,0.740234375,-1.794921875,99.25,-69.5,170.25,0.0
-1.37109375,1.453125,-1.626953125,142.25,-188.375,161.75,0.0
-1.37109375,1.453125,-1.626953125,142.25,-188.375,161.75,0.0
-1.37109375,1.453125,-1.626953125,142.25,-188.375,161.75,0.0
-1.37109375,1.453125,-1.626953125,142.25,-188.375,161.75,0.0
-1.37109375,1.453125,-1.626953125,142.25,-188.375,161.75,0.0
-1.37109375,1.453125,-1.626953125,142.25,-188.375,161.75,0.0
-1.37109375,1.453125,-1.626953125,142.25,-188.375,161.75,0.0
-1.37109375,1.453125,-1.626953125,142.25,-188.375,161.75,0.0
-1.37109375,1.453125,-1.626953125,143.75,-189.125,164.25,0.0
-1.361328125,1.447265625,-1.6240234375,143.75,-189.125,164.25,0.0
-1.361328125,1.447265625,-1.6240234375,143.75,-189.125,164.25,0.0
-1.361328125,1.447265625,-1.6240234375,143.75,-189.125,164.25,0.0
-1.361328125,1.447265625,-1.6240234375,143.75,-189.125,164.25,0.0
-1.361328125,1.447265625,-1.6240234375,143.75,-189.125,164.25,0.0
-1.361328125,1.447265625,-1.6240234375,143.75,-189.125,164.25,0.0
-1.361328125,1.447265625,-1.6240234375,143.75,-189.125,164.25,0.0
-1.361328125,1.447265625,-1.6240234375,143.75,-189.125,164.25,0.0
-1.361328125,1.447265625,-1.6240234375,143.75,-189.125,164.25,0.0
-1.35546875,1.439453125,-1.62109375,145.25,-189.75,167.0,0.0
-1.35546875,1.439453125,-1.62109375,145.25,-189.75,167.0,0.0
1.806640625,0.14453125,0.8984375,0.0,14.0,-153.0,0.0
1.806640625,0.14453125,0.8984375,0.0,7.75,-153.375,0.0
1.796875,0.1484375,0.908203125,0.0,7.75,-153.375,0.0
1.796875,0.1484375,0.908203125,0.0,7.75,-153.375,0.0
1.796875,0.1484375,0.908203125,0.0,7.75,-153.375,0.0
1.796875,0.1484375,0.908203125,0.0,7.75,-153.375,0.0
1.796875,0.1484375,0.908203125,0.0,7.75,-153.375,0.0
1.796875,0.1484375,0.908203125,0.0,7.75,-153.375,0.0
1.796875,0.1484375,0.908203125,0.0,7.75,-153.375,0.0
1.796875,0.1484375,0.908203125,0.0,7.75,-153.375,0.0
1.796875,0.1484375,0.908203125,0.0,7.75,-153.375,0.0
1.791015625,0.14453125,0.91796875,0.0,2.5,-154.125,0.0
1.791015625,0.14453125,0.91796875,0.0,2.5,-154.125,0.0
1.791015625,0.14453125,0.91796875,0.0,2.5,-154.125,0.0
1.791015625,0.14453125,0.91796875,0.0,2.5,-154.125,0.0
1.791015625,0.14453125,0.91796875,0.0,2.5,-154.125,0.0
1.791015625,0.14453125,0.91796875,0.0,2.5,-154.125,0.0
1.791015625,0.14453125,0.91796875,0.0,2.5,-154.125,0.0
1.791015625,0.14453125,0.91796875,0.0,2.5,-154.125,0.0
1.791015625,0.14453125,0.91796875,0.0,2.5,-154.125,0.0
-1.728515625,1.244140625,-1.7431640625,-205.5,176.0,231.5,0.0
-1.728515625,1.244140625,-1.7431640625,-205.5,176.0,231.5,0.0
-1.728515625,1.244140625,-1.7431640625,-205.5,176.0,231.5,0.0
-1.728515625,1.244140625,-1.7431640625,-205.5,176.0,231.5,0.0
-1.728515625,1.244140625,-1.7431640625,-205.5,176.0,231.5,0.0
-1.728515625,1.244140625,-1.7431640625,-205.5,176.0,231.5,0.0
-1.728515625,1.244140625,-1.7431640625,-205.5,176.0,231.5,0.0
-1.728515625,1.244140625,-1.7431640625,-205.5,176.0,231.5,0.0
-1.728515625,1.244140625,-1.7431640625,-205.5,176.0,231.5,0.0
-1.728515625,1.244140625,-1.7431640625,-207.375,177.25,231.25,0.0
-1.72265625,1.25,-1.734375,-207.375,177.25,231.25,0.0
-1.72265625,1.25,-1.734375,-207.375,177.25,231.25,0.0
-1.72265625,1.25,-1.734375,-207.375,177.25,231.25,0.0
-1.72265625,1.25,-1.734375,-207.375,177.25,231.25,0.0
-1.72265625,1.25,-1.734375,-207.375,177.25,231.25,0.0
-1.72265625,1.25,-1.734375,-207.375,177.25,231.25,0.0
-1.72265625,1.25,-1.734375,-207.375,177.25,231.25,0.0
-1.72265625,1.25,-1.734375,-207.375,177.25,231.25,0.0
-1.72265625,1.25,-1.734375,-207.375,177.25,231.25,0.0
-1.71484375,1.25390625,-1.7216796875,-209.25,179.0,231.0,0.0
-1.828125,1.263671875,-1.6484375,245.5,-170.0,-233.375,0.0
-1.818359375,1.244140625,-1.6357421875,244.75,-169.875,-234.625,0.0
-1.818359375,1.244140625,-1.6357421875,244.75,-169.875,-234.625,0.0
-1.818359375,1.244140625,-1.6357421875,244.75,-169.875,-234.625,0.0
-1.818359375,1.244140625,-1.6357421875,244.75,-169.875,-234.625,0.0
-1.818359375,1.244140625,-1.6357421875,244.75,-169.875,-234.625,0.0
-1.818359375,1.244140625,-1.6357421875,244.75,-169.875,-234.625,0.0
-1.818359375,1.244140625,-1.6357421875,244.75,-169.875,-234.625,0.0
-1.818359375,1.244140625,-1.6357421875,244.75,-169.875,-234.625,0.0
-1.818359375,1.244140625,-1.6357421875,244.75,-169.875,-234.625,0.0
-1.818359375,1.244140625,-1.6357421875,243.75,-169.75,-235.5,0.0
-1.8056640625,1.23046875,-1.625,243.75,-169.75,-235.5,0.0
-1.8056640625,1.23046875,-1.625,243.75,-169.75,-235.5,0.0
-1.8056640625,1.23046875,-1.625,243.75,-169.75,-235.5,0.0
-1.8056640625,1.23046875,-1.625,243.75,-169.75,-235.5,0.0
-1.8056640625,1.23046875,-1.625,243.75,-169.75,-235.5,0.0
-1.8056640625,1.23046875,-1.625,243.75,-169.75,-235.5,0.0
-1.8056640625,1.23046875,-1.625,243.75,-169.75,-235.5,0.0
-1.8056640625,1.23046875,-1.625,243.75,-169.75,-235.5,0.0
-1.8056640625,1.23046875,-1.625,243.75,-169.75,-235.5,0.0
